Model,Accuracy
CNN-LSTM,0.5306122303009033
Logistic Regression,0.9387755102040817
Decision Tree,0.9387755102040817
Random Forest,0.9591836734693877
SVM,0.8979591836734694
